"","CASE","STARTED","Geschlecht","Alter","Land","anderescountry","Beschaeftigung","andere_Beschaeftigung","Beziehungsstatus","Item1","Item2","Item3","Item4","Item5","Item6","Item7","Item8","Item9","Item10","Item11","Item12","Item13","Item14","Item15","bin_zurueckhaltend_reserviert","neige_zu_kritisieren","erledige_Aufgaben_gruendlich","bin_leicht_deprimiert","vielseitig_interessiert","begeisterungsfaehig_reisse_andere_mit","schenke leicht Vertrauen glaube ans Gute im Menschen","bin bequem neige zu Faulheit","bin entspannt durch Stress nicht aus der Ruhe zu bringen","bin tiefsinnnig","eher der stille Typ","kalt und distanziert","bin tuechtig arbeite flott","mache mir viele Sorgen","aktive Vorstellungskraft phantasievoll","bin gesellig","schroff und abweisend","mache Pläne u fuehre sie durch","leicht nervoes u unsicher","schaetze kuenstlerische Eindruecke","wenig kuenstlerisches Interesse","externes Kriterium","Nein EK","eigentlich nicht Ausnahme","selten","manchmal","haeufig","LASTDATA","FINISHED","Item1_re","Item2_re","Item3_re","Item4_re","Item5_re","Item6_re","Item7_re","Item8_re","Item9_re","Item10_re","Item11_re","Item12_re","Item13_re","Item14_re","Item15_re"
"1",29,"2020-11-23 19:09:10","-9",NA,NA,"",NA,"",NA,NA,NA,NA,NA,NA,NA,NA,NA,NA,NA,NA,NA,NA,NA,NA,NA,NA,NA,NA,NA,NA,NA,NA,NA,NA,NA,NA,NA,NA,NA,NA,NA,NA,NA,NA,NA,NA,NA,NA,NA,NA,NA,"2020-11-23 19:09:15",0,NA,NA,NA,NA,NA,NA,NA,NA,NA,NA,NA,NA,NA,NA,NA
"2",31,"2020-11-23 19:15:25","1",20,1,"","3","",NA,NA,NA,NA,NA,NA,NA,NA,NA,NA,NA,NA,NA,NA,NA,NA,NA,NA,NA,NA,NA,NA,NA,NA,NA,NA,NA,NA,NA,NA,NA,NA,NA,NA,NA,NA,NA,NA,NA,NA,NA,NA,NA,"2020-11-23 19:16:24",1,NA,NA,NA,NA,NA,NA,NA,NA,NA,NA,NA,NA,NA,NA,NA
"3",32,"2020-11-24 01:23:11","2",22,NA,"",NA,"",NA,NA,NA,NA,NA,NA,NA,NA,NA,NA,NA,NA,NA,NA,NA,NA,NA,NA,NA,NA,NA,NA,NA,NA,NA,NA,NA,NA,NA,NA,NA,NA,NA,NA,NA,NA,NA,NA,NA,NA,NA,NA,NA,"2020-11-24 01:23:21",0,NA,NA,NA,NA,NA,NA,NA,NA,NA,NA,NA,NA,NA,NA,NA
"4",47,"2020-11-24 12:45:53","1",24,1,"","3","",1,2,4,3,4,5,2,2,4,4,4,4,2,2,2,2,4,2,4,4,4,3,3,4,2,4,4,3,3,4,4,3,2,3,4,5,2,1,1,1,1,2,1,"2020-11-24 12:53:31",1,2,4,3,4,5,2,2,4,4,4,4,2,2,2,2
"5",48,"2020-11-24 12:48:09","1",20,1,"","3","",2,4,3,2,4,2,1,1,3,5,4,4,4,2,1,4,1,2,4,2,4,4,5,2,2,4,1,1,4,2,4,5,1,4,2,5,2,1,1,1,1,1,2,"2020-11-24 12:51:57",1,4,3,2,4,2,1,1,3,5,4,4,4,2,1,4
"6",49,"2020-11-24 12:49:21","1",21,1,"","3","",1,2,4,2,2,3,2,2,5,2,2,2,4,2,2,3,2,2,3,2,2,2,3,4,2,5,2,2,3,2,4,3,2,2,2,2,4,1,1,1,1,2,1,"2020-11-24 12:52:08",1,2,4,2,2,3,2,2,5,2,2,2,4,2,2,3
"7",52,"2020-11-24 12:54:41","2",20,1,"","3","",1,4,3,4,2,4,1,1,5,3,4,5,3,3,1,2,4,3,4,4,5,5,5,4,4,4,4,1,3,4,5,4,1,4,5,5,1,1,1,1,1,2,1,"2020-11-24 12:59:30",1,4,3,4,2,4,1,1,5,3,4,5,3,3,1,2
"8",53,"2020-11-24 12:54:52","1",19,1,"","3","",1,2,4,2,1,3,2,1,2,5,4,4,3,2,2,4,2,3,4,4,4,2,4,3,2,4,2,1,4,5,3,4,3,2,4,4,1,2,1,1,1,2,2,"2020-11-24 13:00:30",1,2,4,2,1,3,2,1,2,5,4,4,3,2,2,4
"9",54,"2020-11-24 12:58:55","2",21,1,"","3","",2,4,4,3,2,4,4,2,5,4,4,4,3,3,2,4,2,4,4,2,4,4,4,4,4,4,1,4,3,2,4,4,4,3,2,1,5,1,2,1,1,1,1,"2020-11-24 13:01:47",1,4,4,3,2,4,4,2,5,4,4,4,3,3,2,4
"10",57,"2020-11-24 13:06:31","1",19,1,"","3","",1,2,2,4,4,5,1,1,4,5,4,4,4,2,1,4,2,2,3,4,5,5,4,5,2,4,2,2,3,4,5,4,2,3,4,5,1,2,1,2,2,1,1,"2020-11-24 13:09:25",1,2,2,4,4,5,1,1,4,5,4,4,4,2,1,4
"11",58,"2020-11-24 13:07:55","1",19,1,"","3","",2,2,2,4,4,4,2,1,2,5,2,4,1,4,1,2,1,2,4,2,5,4,5,2,1,4,1,2,4,4,4,5,2,2,2,5,1,1,1,1,1,1,2,"2020-11-24 13:12:16",1,2,2,4,4,4,2,1,2,5,2,4,1,4,1,2
"12",59,"2020-11-24 13:08:28","2",20,1,"","3","",2,2,2,4,5,2,2,2,3,2,4,4,5,2,4,4,4,5,5,2,4,2,2,4,4,5,4,4,5,2,4,2,4,4,2,4,2,1,1,1,1,2,1,"2020-11-24 13:13:16",1,2,2,4,5,2,2,2,3,2,4,4,5,2,4,4
"13",61,"2020-11-24 13:10:21","1",19,1,"","3","",2,2,5,4,2,5,3,1,3,4,2,4,4,2,1,2,3,4,4,4,4,3,4,2,2,5,2,4,3,4,4,4,4,4,4,4,2,1,1,1,1,2,1,"2020-11-24 13:15:17",1,2,5,4,2,5,3,1,3,4,2,4,4,2,1,2
"14",67,"2020-11-24 13:13:56","1",20,1,"","3","",1,1,2,4,2,4,3,2,5,5,2,5,2,1,1,2,2,1,4,2,5,5,5,4,2,5,1,2,4,2,5,5,2,4,2,5,1,1,1,1,2,1,1,"2020-11-24 15:06:18",1,1,2,4,2,4,3,2,5,5,2,5,2,1,1,2
"15",68,"2020-11-24 13:14:15","1",20,1,"","3","",2,2,1,4,5,4,3,1,5,3,2,3,3,3,2,5,2,3,4,4,4,4,2,3,2,4,1,4,4,4,3,4,4,4,2,4,2,1,1,1,2,1,1,"2020-11-24 13:16:53",1,2,1,4,5,4,3,1,5,3,2,3,3,3,2,5
"16",69,"2020-11-24 13:14:29","2",20,1,"","3","",1,3,1,4,2,5,1,1,5,3,2,4,2,2,2,4,2,2,3,1,5,5,5,4,4,4,3,4,3,2,5,4,4,4,2,3,3,1,1,1,2,1,1,"2020-11-24 13:21:28",1,3,1,4,2,5,1,1,5,3,2,4,2,2,2,4
"17",70,"2020-11-24 13:14:36","2",21,1,"","3","",2,1,2,3,4,4,2,1,4,5,4,4,2,2,2,4,2,3,4,4,3,4,4,3,4,4,1,4,3,4,3,3,2,4,4,5,1,2,1,1,1,2,2,"2020-11-24 13:22:18",1,1,2,3,4,4,2,1,4,5,4,4,2,2,2,4
"18",71,"2020-11-24 13:15:33","1",20,1,"","3","",1,4,2,4,1,5,4,3,5,2,3,5,4,5,2,4,2,4,5,3,5,4,2,1,2,4,2,2,4,4,2,2,2,4,4,5,1,1,1,1,1,2,1,"2020-11-24 13:19:02",1,4,2,4,1,5,4,3,5,2,3,5,4,5,2,4
"19",73,"2020-11-24 13:15:54","1",19,1,"","3","",1,1,1,4,4,2,2,1,5,3,2,2,1,4,3,5,2,3,5,3,5,5,2,4,2,5,3,5,5,3,5,4,3,3,2,5,1,1,1,1,2,1,1,"2020-11-24 13:23:22",1,1,1,4,4,2,2,1,5,3,2,2,1,4,3,5
"20",76,"2020-11-24 13:18:34","2",18,1,"","2","",1,3,2,4,3,4,3,2,4,2,3,4,2,1,2,3,2,2,4,2,5,4,5,3,4,4,2,4,3,1,4,4,3,5,2,4,4,1,1,1,1,2,1,"2020-11-24 13:38:32",1,3,2,4,3,4,3,2,4,2,3,4,2,1,2,3
"21",77,"2020-11-24 13:18:36","1",19,1,"","8","Bundesfreilligendienst",1,NA,NA,NA,NA,NA,NA,NA,NA,NA,NA,NA,NA,NA,NA,NA,NA,NA,NA,NA,NA,NA,NA,NA,NA,NA,NA,NA,NA,NA,NA,NA,NA,NA,NA,NA,NA,NA,NA,NA,NA,NA,NA,"2020-11-27 21:06:17",0,NA,NA,NA,NA,NA,NA,NA,NA,NA,NA,NA,NA,NA,NA,NA
"22",78,"2020-11-24 13:19:20","2",20,1,"","3","",2,3,1,2,4,4,2,2,5,3,2,2,4,1,1,3,2,1,4,2,4,4,3,3,2,4,3,5,4,3,4,4,4,4,4,4,4,1,1,1,1,2,1,"2020-11-24 13:23:30",1,3,1,2,4,4,2,2,5,3,2,2,4,1,1,3
"23",79,"2020-11-24 13:19:57","1",24,1,"","3","",2,1,1,4,5,4,2,3,5,5,5,4,5,1,3,4,1,4,5,4,4,4,4,2,3,4,1,4,5,3,4,4,4,5,2,2,4,1,1,1,1,2,1,"2020-11-24 13:52:56",1,1,1,4,5,4,2,3,5,5,5,4,5,1,3,4
"24",80,"2020-11-24 13:20:22","1",20,1,"","2","",1,2,2,4,4,5,2,2,5,5,2,5,4,4,1,3,5,1,4,5,5,4,3,3,2,5,5,4,3,4,5,3,4,4,4,5,1,1,1,1,1,2,1,"2020-11-24 13:34:25",1,2,2,4,4,5,2,2,5,5,2,5,4,4,1,3
"25",82,"2020-11-24 13:20:55","2",20,1,"","3","",1,1,2,4,4,4,2,3,4,1,3,4,2,1,3,3,4,3,4,3,5,5,5,4,4,5,2,4,4,4,2,5,1,4,1,5,2,1,1,1,2,1,1,"2020-11-24 13:25:15",1,1,2,4,4,4,2,3,4,1,3,4,2,1,3,3
"26",83,"2020-11-24 13:21:25","2",20,1,"","3","",1,3,1,3,4,4,3,3,5,1,3,2,3,5,3,3,3,3,5,4,4,4,4,3,2,5,2,3,5,4,4,2,3,4,4,2,5,1,1,2,1,1,1,"2020-11-24 13:26:42",1,3,1,3,4,4,3,3,5,1,3,2,3,5,3,3
"27",84,"2020-11-24 13:22:13","1",53,1,"","6","",2,3,1,4,4,3,5,2,4,5,4,4,5,3,4,5,1,4,5,2,5,5,3,1,3,3,1,3,4,3,5,3,3,5,2,5,1,1,2,1,1,1,1,"2020-11-24 13:25:17",1,3,1,4,4,3,5,2,4,5,4,4,5,3,4,5
"28",86,"2020-11-24 13:23:01","1",20,1,"","3","",2,NA,NA,NA,NA,NA,NA,NA,NA,NA,NA,NA,NA,NA,NA,NA,NA,NA,NA,NA,NA,NA,NA,NA,NA,NA,NA,NA,NA,NA,NA,NA,NA,NA,NA,NA,NA,NA,NA,NA,NA,NA,NA,"2020-11-24 13:23:40",0,NA,NA,NA,NA,NA,NA,NA,NA,NA,NA,NA,NA,NA,NA,NA
"29",87,"2020-11-24 13:23:02","2",18,1,"","3","",2,NA,NA,NA,NA,NA,NA,NA,NA,NA,NA,NA,NA,NA,NA,NA,NA,NA,NA,NA,NA,NA,NA,NA,NA,NA,NA,NA,NA,NA,NA,NA,NA,NA,NA,NA,NA,NA,NA,NA,NA,NA,NA,"2020-11-24 13:23:19",0,NA,NA,NA,NA,NA,NA,NA,NA,NA,NA,NA,NA,NA,NA,NA
"30",88,"2020-11-24 13:23:03","1",19,1,"","3","",2,4,4,2,2,5,2,4,4,2,5,5,5,4,1,4,4,2,5,2,4,3,4,2,4,4,3,5,4,5,3,2,3,4,4,3,4,2,1,2,2,1,1,"2020-11-24 13:27:11",1,4,4,2,2,5,2,4,4,2,5,5,5,4,1,4
"31",89,"2020-11-24 13:23:11","1",22,1,"","3","",1,4,2,2,3,4,2,2,4,4,4,4,5,4,2,3,4,4,4,5,2,3,2,5,4,5,4,2,4,5,3,4,4,4,5,4,4,1,1,1,1,2,1,"2020-11-25 23:27:17",1,4,2,2,3,4,2,2,4,4,4,4,5,4,2,3
"32",90,"2020-11-24 13:23:11","1",18,1,"","3","",1,2,2,4,2,4,2,1,4,5,4,4,4,2,2,4,2,2,4,2,4,4,5,4,2,4,2,2,2,4,3,4,2,4,4,4,2,1,1,1,1,1,2,"2020-11-24 13:30:15",1,2,2,4,2,4,2,1,4,5,4,4,4,2,2,4
"33",91,"2020-11-24 13:23:33","1",20,1,"","3","",2,4,3,3,4,4,2,2,2,4,4,3,4,3,3,2,3,2,4,2,3,3,4,2,2,4,3,2,3,2,4,3,2,4,3,3,4,1,1,1,1,2,1,"2020-11-24 13:28:28",1,4,3,3,4,4,2,2,2,4,4,3,4,3,3,2
"34",92,"2020-11-24 13:23:46","1",19,1,"","3","",2,2,2,4,4,4,2,1,2,4,4,5,4,4,4,4,2,2,4,4,4,3,2,3,2,4,2,4,4,4,4,4,4,3,2,3,3,1,1,1,1,2,1,"2020-11-24 13:26:54",1,2,2,4,4,4,2,1,2,4,4,5,4,4,4,4
"35",93,"2020-11-24 13:23:55","1",20,1,"","3","",2,2,2,4,4,3,3,2,4,4,3,4,4,2,3,3,3,4,5,4,4,4,3,4,2,4,2,3,4,4,4,4,4,4,3,4,2,2,1,2,2,1,1,"2020-11-24 13:30:12",1,2,2,4,4,3,3,2,4,4,3,4,4,2,3,3
"36",94,"2020-11-24 13:24:46","2",21,1,"","3","",1,2,3,2,4,4,4,2,5,3,2,4,4,1,2,5,5,3,4,2,4,3,5,4,3,4,5,5,4,3,4,2,4,4,3,3,4,1,1,2,1,1,1,"2020-11-24 13:46:07",1,2,3,2,4,4,4,2,5,3,2,4,4,1,2,5
"37",95,"2020-11-24 13:25:26","1",18,1,"","3","",1,1,1,3,5,3,2,1,4,5,5,4,4,2,3,4,4,3,5,4,4,3,5,4,3,5,2,4,3,4,4,2,3,3,4,4,1,1,1,1,1,2,1,"2020-11-24 13:31:41",1,1,1,3,5,3,2,1,4,5,5,4,4,2,3,4
"38",97,"2020-11-24 13:26:10","1",18,1,"","3","",1,NA,NA,NA,NA,NA,NA,NA,NA,NA,NA,NA,NA,NA,NA,NA,NA,NA,NA,NA,NA,NA,NA,NA,NA,NA,NA,NA,NA,NA,NA,NA,NA,NA,NA,NA,NA,NA,NA,NA,NA,NA,NA,"2020-11-24 13:26:38",0,NA,NA,NA,NA,NA,NA,NA,NA,NA,NA,NA,NA,NA,NA,NA
"39",98,"2020-11-24 13:26:11","1",19,1,"","3","",1,1,1,5,5,2,3,1,4,3,5,2,5,3,4,5,2,3,4,4,5,5,4,3,3,5,1,4,4,5,5,4,4,5,4,4,1,1,1,2,1,1,1,"2020-11-24 13:29:26",1,1,1,5,5,2,3,1,4,3,5,2,5,3,4,5
"40",102,"2020-11-24 13:27:50","1",33,1,"","3","",2,4,3,4,4,4,1,1,2,5,5,5,5,1,4,4,2,3,4,4,4,5,5,4,1,5,3,2,4,4,5,5,2,3,5,5,1,1,1,1,1,1,2,"2020-11-24 13:32:47",1,4,3,4,4,4,1,1,2,5,5,5,5,1,4,4
"41",104,"2020-11-24 13:28:50","1",20,1,"","3","",2,2,5,2,2,5,1,1,4,5,4,4,3,2,1,1,4,3,4,4,5,5,4,4,2,4,4,4,4,4,5,4,4,2,4,5,1,1,1,1,1,1,2,"2020-11-24 13:43:37",1,2,5,2,2,5,1,1,4,5,4,4,3,2,1,1
"42",105,"2020-11-24 13:29:35","2",21,1,"","3","",1,2,1,3,4,4,1,2,4,2,4,4,4,1,4,4,1,2,2,2,5,5,5,3,4,4,3,4,3,1,5,4,3,4,3,5,2,1,1,1,1,2,1,"2020-11-24 17:45:56",1,2,1,3,4,4,1,2,4,2,4,4,4,1,4,4
"43",107,"2020-11-24 13:34:12","1",19,1,"","3","",2,NA,NA,NA,NA,NA,NA,NA,NA,NA,NA,NA,NA,NA,NA,NA,NA,NA,NA,NA,NA,NA,NA,NA,NA,NA,NA,NA,NA,NA,NA,NA,NA,NA,NA,NA,NA,NA,NA,NA,NA,NA,NA,"2020-11-24 13:34:40",0,NA,NA,NA,NA,NA,NA,NA,NA,NA,NA,NA,NA,NA,NA,NA
"44",109,"2020-11-24 13:35:22","2",20,1,"","3","",2,3,2,4,5,4,2,1,3,4,4,3,5,1,4,4,2,4,2,2,5,5,3,4,3,2,1,4,3,2,4,5,4,5,2,4,2,1,1,1,1,2,1,"2020-11-24 13:41:16",1,3,2,4,5,4,2,1,3,4,4,3,5,1,4,4
"45",110,"2020-11-24 13:35:50","2",22,1,"","2","",1,4,2,4,2,5,2,1,4,4,4,5,4,2,4,2,4,3,3,4,4,3,4,5,2,4,4,4,3,4,4,2,2,3,4,2,4,1,1,2,1,1,1,"2020-11-24 13:41:22",1,4,2,4,2,5,2,1,4,4,4,5,4,2,4,2
"46",111,"2020-11-24 13:37:29","3",15,1,"","1","",1,5,1,2,2,4,3,4,5,5,1,4,4,4,3,5,4,5,4,5,4,2,1,3,2,5,3,5,4,5,5,1,4,4,5,5,2,1,1,1,1,2,1,"2020-11-24 13:58:29",1,5,1,2,2,4,3,4,5,5,1,4,4,4,3,5
"47",112,"2020-11-24 13:38:13","1",20,1,"","3","",2,4,2,4,1,5,3,1,5,5,4,4,5,2,2,4,2,2,4,2,4,4,2,2,1,2,1,5,4,2,2,5,2,4,2,5,1,1,1,1,1,2,1,"2020-11-24 13:41:11",1,4,2,4,1,5,3,1,5,5,4,4,5,2,2,4
"48",113,"2020-11-24 13:40:42","1",18,1,"","3","",2,4,4,4,1,4,3,1,2,4,5,5,4,2,3,3,2,2,4,4,2,2,4,3,1,4,5,3,4,4,4,2,3,3,4,4,3,1,1,1,1,1,2,"2020-11-24 13:44:23",1,4,4,4,1,4,3,1,2,4,5,5,4,2,3,3
"49",114,"2020-11-24 13:41:32","1",19,1,"","3","",2,2,4,2,1,5,4,4,5,2,1,4,4,5,2,5,4,4,5,4,4,4,3,2,4,4,2,5,4,5,3,2,4,4,3,2,2,1,1,2,1,1,1,"2020-11-24 13:47:00",1,2,4,2,1,5,4,4,5,2,1,4,4,5,2,5
"50",115,"2020-11-24 13:44:03","1",18,1,"","3","",3,4,2,4,5,2,2,1,5,4,2,4,5,1,2,4,1,2,4,2,5,4,5,5,5,4,1,4,4,2,4,5,4,4,2,2,2,1,1,1,1,2,1,"2020-11-24 13:48:47",1,4,2,4,5,2,2,1,5,4,2,4,5,1,2,4
"51",116,"2020-11-24 13:44:05","2",19,1,"","1","",1,4,2,4,3,3,3,1,5,4,3,4,3,2,3,4,2,4,3,4,5,3,4,5,3,5,4,2,3,3,4,4,4,3,2,4,2,1,1,1,1,2,1,"2020-11-24 13:51:04",1,4,2,4,3,3,3,1,5,4,3,4,3,2,3,4
"52",118,"2020-11-24 13:45:10","1",27,1,"","3","",2,2,1,4,5,3,2,1,3,2,3,2,1,1,4,5,3,4,4,2,5,4,2,4,4,4,3,4,3,2,5,3,4,4,2,5,1,1,1,1,1,2,1,"2020-11-24 13:48:02",1,2,1,4,5,3,2,1,3,2,3,2,1,1,4,5
"53",119,"2020-11-24 13:46:52","2",19,1,"","3","",2,2,1,4,4,4,2,2,4,2,4,4,4,2,2,4,2,4,4,2,5,4,4,2,4,4,4,4,4,3,4,4,4,5,2,4,2,1,1,1,1,2,1,"2020-11-24 13:52:06",1,2,1,4,4,4,2,2,4,2,4,4,4,2,2,4
"54",120,"2020-11-24 13:48:05","1",18,1,"","3","",1,4,1,4,3,4,1,1,2,5,4,4,3,1,2,3,NA,NA,NA,NA,NA,NA,NA,NA,NA,NA,NA,NA,NA,NA,NA,NA,NA,NA,NA,NA,NA,NA,NA,NA,NA,NA,NA,"2020-11-24 13:50:06",0,4,1,4,3,4,1,1,2,5,4,4,3,1,2,3
"55",121,"2020-11-24 13:49:30","1",24,1,"","3","",2,1,1,5,5,4,1,1,3,5,5,5,5,4,2,5,2,4,4,4,4,4,3,4,1,5,4,5,3,5,5,3,4,3,4,5,1,1,1,1,1,2,1,"2020-11-24 13:53:16",1,1,1,5,5,4,1,1,3,5,5,5,5,4,2,5
"56",122,"2020-11-24 13:49:33","2",22,1,"","3","",1,2,2,4,4,5,1,1,4,4,3,4,4,2,4,3,3,4,4,4,4,4,4,2,3,4,2,2,2,3,4,4,2,3,4,4,2,1,1,1,1,2,1,"2020-11-24 13:53:38",1,2,2,4,4,5,1,1,4,4,3,4,4,2,4,3
"57",124,"2020-11-24 13:50:07","1",20,1,"","3","",2,2,4,4,2,5,4,1,2,5,5,5,5,1,2,3,4,4,5,3,5,5,4,2,2,5,2,2,5,4,4,4,2,5,4,4,2,1,1,1,1,1,2,"2020-11-24 13:53:28",1,2,4,4,2,5,4,1,2,5,5,5,5,1,2,3
"58",126,"2020-11-24 13:51:33","1",20,1,"","3","",2,3,4,3,2,4,2,1,2,5,4,4,5,2,1,2,2,4,5,4,5,5,4,4,1,4,1,4,4,5,4,4,4,4,2,5,2,1,1,1,1,2,1,"2020-11-24 13:58:11",1,3,4,3,2,4,2,1,2,5,4,4,5,2,1,2
"59",128,"2020-11-24 13:54:13","1",24,1,"","3","",2,1,1,5,4,4,1,1,1,1,3,3,2,1,4,4,1,3,5,4,4,4,3,3,1,5,2,4,3,4,5,5,2,4,3,5,2,1,1,1,1,1,2,"2020-11-24 13:56:53",1,1,1,5,4,4,1,1,1,1,3,3,2,1,4,4
"60",129,"2020-11-24 13:57:10","1",18,1,"","3","",1,2,2,1,2,5,2,4,5,2,2,4,4,4,1,5,2,2,4,5,5,4,2,5,2,5,3,4,3,4,5,2,3,2,5,5,1,1,1,2,1,1,1,"2020-11-24 14:05:45",1,2,2,1,2,5,2,4,5,2,2,4,4,4,1,5
"61",132,"2020-11-24 14:00:14","2",24,1,"","3","",2,1,1,4,4,4,3,1,3,4,2,3,2,1,3,4,4,4,4,1,4,4,4,3,5,5,4,5,3,2,4,3,4,3,2,5,1,1,1,1,1,2,1,"2020-11-24 14:04:15",1,1,1,4,4,4,3,1,3,4,2,3,2,1,3,4
"62",133,"2020-11-24 14:00:35","2",21,1,"","3","",1,4,2,4,1,4,3,2,4,4,3,2,4,4,3,4,NA,NA,NA,NA,NA,NA,NA,NA,NA,NA,NA,NA,NA,NA,NA,NA,NA,NA,NA,NA,NA,NA,NA,NA,NA,NA,NA,"2020-11-25 02:40:48",0,4,2,4,1,4,3,2,4,4,3,2,4,4,3,4
"63",134,"2020-11-24 14:01:28","1",19,1,"","3","",1,2,2,4,2,4,2,1,4,4,4,4,5,2,2,3,4,3,3,5,3,2,2,4,2,4,2,4,1,4,4,3,4,3,5,5,2,1,1,1,1,2,1,"2020-11-24 14:10:18",1,2,2,4,2,4,2,1,4,4,4,4,5,2,2,3
"64",136,"2020-11-24 14:03:31","1",21,1,"","1","",3,4,3,2,5,3,4,1,3,5,4,3,2,3,1,3,2,2,3,3,5,4,3,3,2,4,1,1,2,4,4,4,2,4,4,4,2,1,1,1,1,2,1,"2020-11-24 14:07:46",1,4,3,2,5,3,4,1,3,5,4,3,2,3,1,3
"65",137,"2020-11-24 14:07:33","2",20,1,"","3","",1,2,1,4,1,3,4,2,4,4,5,3,4,2,2,2,3,5,5,4,5,4,5,5,5,5,2,3,2,5,5,4,4,4,3,4,2,1,1,1,2,1,1,"2020-11-24 14:17:45",1,2,1,4,1,3,4,2,4,4,5,3,4,2,2,2
"66",138,"2020-11-24 14:07:35","1",19,1,"","3","",1,1,1,2,4,4,3,1,4,5,2,4,5,1,2,3,4,3,4,4,5,4,4,3,1,4,3,4,4,5,4,4,4,4,4,4,1,2,2,2,1,1,1,"2020-11-24 14:10:45",1,1,1,2,4,4,3,1,4,5,2,4,5,1,2,3
"67",139,"2020-11-24 14:08:06","1",19,1,"","3","",1,2,1,4,4,5,3,1,5,2,1,2,1,2,1,4,2,2,5,2,5,5,5,2,4,5,2,2,5,2,5,4,2,5,2,5,1,1,1,1,1,2,1,"2020-11-24 14:10:01",1,2,1,4,4,5,3,1,5,2,1,2,1,2,1,4
"68",142,"2020-11-24 14:10:08","1",18,1,"","3","",1,1,2,4,4,4,2,1,5,5,2,2,2,4,4,4,4,2,5,2,5,5,3,4,4,5,3,3,4,5,5,3,2,4,4,4,2,1,1,2,1,1,1,"2020-11-24 14:14:12",1,1,2,4,4,4,2,1,5,5,2,2,2,4,4,4
"69",143,"2020-11-24 14:12:25","1",18,1,"","3","",1,2,3,4,1,4,2,1,5,4,1,2,1,4,1,4,4,1,3,1,3,2,4,5,4,5,4,2,1,2,5,4,1,3,2,5,2,1,1,1,1,2,1,"2020-11-24 14:15:43",1,2,3,4,1,4,2,1,5,4,1,2,1,4,1,4
"70",145,"2020-11-24 14:16:47","1",18,1,"","3","",1,2,4,3,4,5,1,1,5,5,3,4,2,4,3,2,5,2,4,4,4,3,4,4,2,5,4,2,3,4,5,2,1,4,4,4,2,1,1,1,2,1,1,"2020-11-24 14:21:04",1,2,4,3,4,5,1,1,5,5,3,4,2,4,3,2
"71",146,"2020-11-24 14:17:54","1",19,1,"","3","",2,4,2,2,4,5,1,1,5,5,4,5,5,5,5,2,4,4,4,5,5,5,5,4,1,5,2,5,4,5,5,2,5,4,5,5,1,1,1,1,1,2,1,"2020-11-24 14:25:42",1,4,2,2,4,5,1,1,5,5,4,5,5,5,5,2
"72",147,"2020-11-24 14:20:03","1",18,1,"","1","",1,2,4,2,1,4,2,4,5,5,2,2,3,4,2,2,4,1,5,5,5,4,4,2,1,4,2,3,5,5,5,4,3,4,5,5,1,1,1,1,1,1,2,"2020-11-24 14:23:48",1,2,4,2,1,4,2,4,5,5,2,2,3,4,2,2
"73",148,"2020-11-24 14:21:30","1",32,1,"","3","",2,4,2,1,4,4,2,1,4,4,2,4,3,2,2,2,2,3,4,2,4,4,4,4,2,3,2,4,4,4,3,4,4,4,3,4,2,1,1,1,1,2,1,"2020-11-24 14:24:28",1,4,2,1,4,4,2,1,4,4,2,4,3,2,2,2
"74",149,"2020-11-24 14:21:38","2",18,1,"","4","",1,1,1,5,3,4,2,1,3,3,5,2,2,1,1,3,2,2,5,1,5,5,5,1,4,4,1,1,5,2,5,5,2,5,1,5,1,1,1,1,1,2,1,"2020-11-24 15:23:08",1,1,1,5,3,4,2,1,3,3,5,2,2,1,1,3
"75",153,"2020-11-24 14:30:19","2",20,1,"","3","",3,3,1,4,5,4,2,1,4,4,3,5,4,4,5,4,1,5,4,4,2,3,1,2,2,4,1,4,4,2,3,2,4,4,3,5,1,1,1,1,2,1,1,"2020-11-24 14:34:10",1,3,1,4,5,4,2,1,4,4,3,5,4,4,5,4
"76",154,"2020-11-24 14:34:26","1",18,1,"","3","",1,5,4,2,4,5,4,1,5,2,3,4,4,5,4,4,4,3,4,2,4,2,2,3,2,5,5,4,4,4,4,2,3,3,4,5,1,1,1,2,1,1,1,"2020-11-24 14:39:12",1,5,4,2,4,5,4,1,5,2,3,4,4,5,4,4
"77",156,"2020-11-24 14:37:25","1",19,1,"","3","",2,1,2,3,2,5,1,1,4,5,5,5,5,2,2,3,4,2,5,4,4,4,4,3,1,4,2,2,5,4,4,4,2,5,4,4,2,1,1,1,1,1,2,"2020-11-24 14:39:20",1,1,2,3,2,5,1,1,4,5,5,5,5,2,2,3
"78",158,"2020-11-24 14:45:26","1",19,1,"","3","",2,2,1,5,4,4,2,1,4,4,4,4,4,2,3,4,3,2,4,2,3,4,3,2,4,4,2,2,4,3,5,5,4,4,3,4,3,2,1,1,1,2,2,"2020-11-24 14:49:23",1,2,1,5,4,4,2,1,4,4,4,4,4,2,3,4
"79",159,"2020-11-24 14:46:06","1",19,1,"","3","",2,2,1,4,2,4,1,1,3,2,2,4,3,4,2,4,2,2,5,3,4,4,2,2,4,4,1,4,4,2,4,5,2,4,2,4,2,1,1,1,1,2,1,"2020-11-24 14:49:38",1,2,1,4,2,4,1,1,3,2,2,4,3,4,2,4
"80",162,"2020-11-24 14:55:16","2",19,4,"Dänemark","8","Freiwilligenarbeit",1,4,2,5,2,4,1,1,3,5,4,3,4,1,1,4,2,4,3,3,4,4,4,4,4,5,2,4,4,3,5,5,4,4,3,5,1,1,1,1,1,2,1,"2020-11-24 15:01:19",1,4,2,5,2,4,1,1,3,5,4,3,4,1,1,4
"81",163,"2020-11-24 14:55:47","1",20,1,"","3","",1,2,2,4,1,4,1,1,2,5,4,5,4,2,1,4,4,1,5,5,2,1,2,4,1,5,4,2,2,5,4,3,2,2,5,4,2,1,2,1,1,1,1,"2020-11-24 14:59:03",1,2,2,4,1,4,1,1,2,5,4,5,4,2,1,4
"82",165,"2020-11-24 15:02:28","2",15,1,"","1","",1,1,2,5,3,2,4,4,5,3,2,3,1,3,3,5,2,4,3,1,3,4,2,5,4,2,1,5,2,1,4,5,3,3,2,4,2,1,2,1,1,1,1,"2020-11-24 15:08:38",1,1,2,5,3,2,4,4,5,3,2,3,1,3,3,5
"83",168,"2020-11-24 15:03:02","2",25,1,"","3","",1,2,2,4,3,2,2,1,5,2,2,3,3,2,2,3,4,2,4,3,5,4,3,3,3,5,2,3,2,4,5,3,4,4,2,5,1,1,1,1,1,2,1,"2020-11-24 15:14:04",1,2,2,4,3,2,2,1,5,2,2,3,3,2,2,3
"84",170,"2020-11-24 15:06:16","1",23,1,"","3","",1,4,5,1,1,5,3,2,5,2,3,4,2,5,1,2,4,1,5,5,3,4,2,2,1,5,5,4,2,5,4,2,3,2,5,5,4,1,1,1,2,1,1,"2020-11-24 15:11:01",1,4,5,1,1,5,3,2,5,2,3,4,2,5,1,2
"85",171,"2020-11-24 15:07:49","1",20,1,"","3","",2,5,2,2,3,5,2,2,4,5,4,5,4,4,1,2,3,2,5,2,5,5,5,4,2,3,2,2,5,2,3,2,4,4,3,4,2,1,1,1,1,2,1,"2020-11-24 15:13:30",1,5,2,2,3,5,2,2,4,5,4,5,4,4,1,2
"86",174,"2020-11-24 15:23:37","1",36,1,"","3","",2,2,2,4,3,4,3,1,5,5,4,4,5,5,4,4,3,2,4,2,4,3,2,1,2,4,2,4,3,4,4,4,4,4,3,3,3,1,1,2,1,1,1,"2020-11-24 15:28:37",1,2,2,4,3,4,3,1,5,5,4,4,5,5,4,4
"87",175,"2020-11-24 15:25:27","2",14,1,"","1","",1,2,2,4,4,2,4,2,4,4,2,4,4,2,2,3,2,2,2,2,4,3,3,4,2,2,3,2,3,2,3,3,2,4,2,3,2,1,1,1,2,1,1,"2020-11-24 15:31:09",1,2,2,4,4,2,4,2,4,4,2,4,4,2,2,3
"88",176,"2020-11-24 15:29:07","1",20,1,"","3","",1,4,4,3,3,4,2,1,4,4,4,3,4,4,3,2,3,2,4,4,2,3,4,4,4,5,3,4,2,4,4,2,2,3,4,3,3,1,1,1,1,2,1,"2020-11-24 15:34:13",1,4,4,3,3,4,2,1,4,4,4,3,4,4,3,2
"89",177,"2020-11-24 15:36:22","1",21,1,"","3","",1,NA,NA,NA,NA,NA,NA,NA,NA,NA,NA,NA,NA,NA,NA,NA,NA,NA,NA,NA,NA,NA,NA,NA,NA,NA,NA,NA,NA,NA,NA,NA,NA,NA,NA,NA,NA,NA,NA,NA,NA,NA,NA,"2020-11-24 15:36:50",0,NA,NA,NA,NA,NA,NA,NA,NA,NA,NA,NA,NA,NA,NA,NA
"90",178,"2020-11-24 15:39:43","1",14,1,"","1","",1,3,4,2,2,4,2,2,5,2,3,4,4,1,2,3,1,2,4,2,4,5,5,5,4,2,2,4,1,3,4,5,5,4,2,3,4,1,2,1,1,1,1,"2020-11-24 15:59:46",1,3,4,2,2,4,2,2,5,2,3,4,4,1,2,3
"91",182,"2020-11-24 15:58:26","1",15,1,"","1","",1,NA,NA,NA,NA,NA,NA,NA,NA,NA,NA,NA,NA,NA,NA,NA,NA,NA,NA,NA,NA,NA,NA,NA,NA,NA,NA,NA,NA,NA,NA,NA,NA,NA,NA,NA,NA,NA,NA,NA,NA,NA,NA,"2020-11-24 16:49:07",0,NA,NA,NA,NA,NA,NA,NA,NA,NA,NA,NA,NA,NA,NA,NA
"92",184,"2020-11-24 16:20:33","1",21,1,"","3","",3,5,2,4,2,4,2,1,2,5,4,4,4,4,3,4,2,3,4,4,3,4,3,3,2,4,2,4,3,4,5,4,4,4,2,5,1,1,1,1,1,2,1,"2020-11-24 16:25:23",1,5,2,4,2,4,2,1,2,5,4,4,4,4,3,4
"93",185,"2020-11-24 16:22:54","1",23,1,"","3","",1,2,1,4,4,3,5,5,2,4,5,4,4,2,2,4,2,3,4,3,4,4,3,3,2,5,2,4,3,4,5,4,3,4,3,4,2,1,1,1,1,1,2,"2020-11-24 17:00:04",1,2,1,4,4,3,5,5,2,4,5,4,4,2,2,4
"94",186,"2020-11-24 16:25:54","1",17,1,"","8","FSJ",2,1,4,2,2,5,1,1,2,4,2,3,2,4,4,2,3,2,4,3,4,4,5,2,2,5,3,2,3,4,4,2,2,2,4,5,1,1,1,1,1,2,1,"2020-11-24 16:34:08",1,1,4,2,2,5,1,1,2,4,2,3,2,4,4,2
"95",187,"2020-11-24 16:27:12","1",19,1,"","3","",1,3,4,4,2,2,1,1,5,3,1,1,3,2,2,2,NA,NA,NA,NA,NA,NA,NA,NA,NA,NA,NA,NA,NA,NA,NA,NA,NA,NA,NA,NA,NA,NA,NA,NA,NA,NA,NA,"2020-11-24 16:29:15",0,3,4,4,2,2,1,1,5,3,1,1,3,2,2,2
"96",188,"2020-11-24 16:27:47","2",21,1,"","2","",2,2,3,2,3,2,3,1,2,4,3,4,4,2,3,4,3,3,3,3,4,4,5,4,4,4,3,3,3,4,5,4,2,4,3,5,1,1,1,1,1,2,1,"2020-11-24 16:35:30",1,2,3,2,3,2,3,1,2,4,3,4,4,2,3,4
"97",189,"2020-11-24 16:31:51","1",18,1,"","3","",1,5,2,5,3,4,3,1,5,2,3,2,3,4,2,4,2,3,3,5,5,4,3,4,2,4,2,4,3,4,4,4,5,3,4,4,2,2,1,1,2,2,1,"2020-11-24 16:35:14",1,5,2,5,3,4,3,1,5,2,3,2,3,4,2,4
"98",190,"2020-11-24 16:35:41","1",21,1,"","3","",1,2,2,4,2,5,1,1,4,3,2,4,5,2,3,4,2,4,3,4,4,2,5,4,1,5,3,4,3,4,4,4,4,4,4,2,4,1,1,1,1,2,1,"2020-11-24 16:38:42",1,2,2,4,2,5,1,1,4,3,2,4,5,2,3,4
"99",191,"2020-11-24 16:44:49","1",17,1,"","1","",1,2,2,3,1,4,1,1,3,5,4,5,4,2,1,3,2,4,5,4,5,4,3,2,1,5,1,2,3,4,4,4,4,5,4,5,1,1,1,1,1,1,2,"2020-11-24 16:54:22",1,2,2,3,1,4,1,1,3,5,4,5,4,2,1,3
"100",193,"2020-11-24 17:02:03","1",22,1,"","3","",2,4,1,4,4,5,1,1,4,5,4,4,5,4,2,5,1,4,5,2,5,5,4,2,4,5,1,5,4,2,4,4,4,4,4,5,1,2,1,1,2,2,1,"2020-11-24 17:08:06",1,4,1,4,4,5,1,1,4,5,4,4,5,4,2,5
"101",194,"2020-11-24 17:05:06","2",21,1,"","3","",1,3,2,4,4,3,2,1,2,4,3,4,3,2,2,4,2,2,5,2,5,5,4,3,4,5,2,3,4,2,5,5,1,5,1,4,3,1,1,1,1,2,1,"2020-11-24 17:09:55",1,3,2,4,4,3,2,1,2,4,3,4,3,2,2,4
"102",195,"2020-11-24 17:09:10","1",15,1,"","1","",1,2,5,4,1,5,1,1,2,5,5,2,1,1,1,2,2,2,3,5,5,5,5,5,1,5,1,1,3,5,5,5,3,5,5,5,1,1,1,1,1,2,1,"2020-11-24 17:11:56",1,2,5,4,1,5,1,1,2,5,5,2,1,1,1,2
"103",196,"2020-11-24 17:26:44","1",21,1,"","2","",2,2,2,5,4,5,2,1,4,4,5,2,4,1,3,4,2,2,5,4,5,5,5,2,2,5,3,2,4,5,4,5,2,5,4,4,2,1,1,1,2,1,1,"2020-11-24 17:31:08",1,2,2,5,4,5,2,1,4,4,5,2,4,1,3,4
"104",198,"2020-11-24 17:29:11","1",21,1,"","8","Bundesfreiwilligendienst",2,5,1,4,5,4,1,1,2,1,4,4,5,2,3,4,3,4,5,5,5,5,4,4,5,5,3,4,5,5,5,2,5,4,2,5,1,2,1,1,1,2,2,"2020-11-24 17:47:09",1,5,1,4,5,4,1,1,2,1,4,4,5,2,3,4
"105",200,"2020-11-24 17:33:22","2",19,1,"","3","",1,4,4,3,3,2,2,1,3,4,4,3,4,1,1,2,2,2,5,2,4,4,4,2,3,4,2,2,5,3,4,4,2,4,3,5,2,1,1,1,1,2,1,"2020-11-24 17:37:42",1,4,4,3,3,2,2,1,3,4,4,3,4,1,1,2
"106",201,"2020-11-24 17:38:25","2",22,1,"","2","",3,2,5,4,4,2,1,1,5,2,1,4,4,1,1,5,3,4,4,1,5,4,5,4,5,5,2,2,4,5,5,4,2,4,1,4,2,1,1,1,1,1,2,"2020-11-24 17:43:13",1,2,5,4,4,2,1,1,5,2,1,4,4,1,1,5
"107",202,"2020-11-24 17:39:59","2",69,1,"","8","Rentner",2,2,3,4,5,4,2,3,3,1,4,3,4,3,4,4,4,2,4,3,5,3,4,2,3,4,3,4,4,2,4,4,4,4,2,3,3,1,1,2,1,1,1,"2020-11-24 17:49:24",1,2,3,4,5,4,2,3,3,1,4,3,4,3,4,4
"108",203,"2020-11-24 17:43:58","1",18,1,"","4","",1,5,4,2,1,5,4,2,5,4,2,4,2,3,1,1,4,1,5,4,4,4,5,5,2,5,4,1,4,5,5,1,1,2,5,5,1,1,1,1,2,1,1,"2020-11-24 17:54:39",1,5,4,2,1,5,4,2,5,4,2,4,2,3,1,1
"109",204,"2020-11-24 17:50:05","1",21,1,"","3","",2,2,2,5,4,4,4,1,4,5,2,4,2,2,3,4,4,3,4,4,4,4,2,2,1,4,3,4,4,4,3,2,4,4,4,4,2,1,1,1,1,2,1,"2020-11-24 17:55:25",1,2,2,5,4,4,4,1,4,5,2,4,2,2,3,4
"110",210,"2020-11-24 18:17:19","2",39,1,"","8","Selbständig und Student",2,1,2,4,4,4,1,1,4,3,4,2,3,2,2,5,3,3,4,3,5,4,4,4,2,4,2,4,4,5,5,5,4,4,3,5,1,1,1,1,1,2,1,"2020-11-24 18:21:28",1,1,2,4,4,4,1,1,4,3,4,2,3,2,2,5
"111",211,"2020-11-24 18:18:58","1",20,1,"","3","",2,2,4,2,3,5,1,1,3,5,5,2,4,2,2,3,2,2,4,4,3,5,5,2,2,4,3,2,4,5,5,4,3,4,4,4,2,1,1,1,1,1,2,"2020-11-24 18:23:37",1,2,4,2,3,5,1,1,3,5,5,2,4,2,2,3
"112",212,"2020-11-24 18:19:45","1",19,1,"","3","",2,3,2,4,1,4,2,1,1,4,5,5,5,3,2,4,4,2,4,4,3,3,2,4,1,4,2,4,4,4,2,2,4,4,4,3,4,1,1,1,1,2,1,"2020-11-24 18:24:12",1,3,2,4,1,4,2,1,1,4,5,5,5,3,2,4
"113",213,"2020-11-24 18:24:12","2",23,1,"","3","",2,4,1,4,2,4,4,2,4,4,2,4,4,2,4,4,4,4,4,2,4,2,4,4,4,3,4,4,4,2,2,2,4,4,4,4,2,1,1,1,1,2,1,"2020-11-24 18:27:07",1,4,1,4,2,4,4,2,4,4,2,4,4,2,4,4
"114",214,"2020-11-24 18:26:05","1",67,1,"","8","In Rente",2,2,3,4,4,4,3,2,4,3,4,3,4,2,4,3,3,1,4,1,5,4,3,1,4,3,3,1,4,1,4,4,2,4,3,5,2,1,1,1,1,2,1,"2020-11-24 18:41:20",1,2,3,4,4,4,3,2,4,3,4,3,4,2,4,3
"115",215,"2020-11-24 18:30:52","2",52,1,"","4","",2,2,2,4,4,4,4,3,4,1,3,3,2,4,2,3,4,2,5,3,2,2,4,3,2,4,5,3,3,3,3,2,1,3,3,3,3,1,1,1,1,2,1,"2020-11-24 18:36:25",1,2,2,4,4,4,4,3,4,1,3,3,2,4,2,3
"116",217,"2020-11-24 19:04:29","1",18,1,"","3","",1,1,3,2,2,4,3,1,4,1,2,2,2,3,2,2,2,3,4,2,4,5,4,3,2,3,3,4,4,3,3,4,2,4,2,4,2,1,1,1,1,2,1,"2020-11-24 19:09:11",1,1,3,2,2,4,3,1,4,1,2,2,2,3,2,2
"117",219,"2020-11-24 19:25:41","1",20,1,"","3","",2,1,1,4,4,3,2,1,1,5,4,4,4,2,4,3,1,4,5,3,5,3,3,2,1,4,1,2,4,4,4,5,3,5,5,4,1,1,1,1,1,2,1,"2020-11-24 19:31:25",1,1,1,4,4,3,2,1,1,5,4,4,4,2,4,3
"118",220,"2020-11-24 19:34:45","1",20,1,"","3","",1,4,2,4,3,4,2,2,4,4,4,4,3,3,2,4,4,2,4,2,3,4,4,3,2,3,4,4,4,4,3,4,2,3,4,2,4,1,1,1,1,2,1,"2020-11-24 19:38:25",1,4,2,4,3,4,2,2,4,4,4,4,3,3,2,4
"119",223,"2020-11-24 19:37:43","2",27,1,"","3","",2,2,1,4,1,4,4,2,5,3,2,5,3,2,2,5,2,5,4,2,5,5,5,4,5,3,3,3,3,2,2,3,4,4,1,4,2,1,1,1,1,2,1,"2020-11-24 19:42:37",1,2,1,4,1,4,4,2,5,3,2,5,3,2,2,5
"120",225,"2020-11-24 19:42:10","1",22,1,"","3","",2,4,2,2,1,4,2,3,2,5,5,4,5,2,4,4,3,4,4,4,4,4,4,4,1,4,2,4,3,5,4,4,5,3,4,4,3,2,1,1,1,2,2,"2020-11-24 19:47:11",1,4,2,2,1,4,2,3,2,5,5,4,5,2,4,4
"121",229,"2020-11-24 21:03:52","1",19,1,"","3","",2,2,2,1,4,4,1,1,2,5,5,5,4,1,4,4,2,2,5,4,4,4,3,1,1,4,2,4,4,4,3,2,4,5,4,5,2,1,1,1,1,2,1,"2020-11-24 21:12:59",1,2,2,1,4,4,1,1,2,5,5,5,4,1,4,4
"122",230,"2020-11-24 21:09:05","1",62,1,"","4","",1,2,4,2,4,5,3,2,5,5,5,5,4,2,4,4,4,3,5,4,3,3,3,3,4,4,4,3,4,4,3,2,3,1,3,3,4,1,1,2,1,1,1,"2020-11-24 21:18:09",1,2,4,2,4,5,3,2,5,5,5,5,4,2,4,4
"123",231,"2020-11-24 21:13:24","2",21,1,"","3","",2,2,1,5,3,4,2,1,3,2,4,5,4,1,4,4,4,2,4,2,5,4,5,4,3,5,3,2,3,2,5,4,2,4,3,5,1,1,1,1,1,2,1,"2020-11-24 21:21:08",1,2,1,5,3,4,2,1,3,2,4,5,4,1,4,4
"124",232,"2020-11-24 21:37:56","2",20,1,"","3","",2,2,1,4,3,4,2,2,2,4,4,4,2,2,2,4,2,2,4,1,4,3,5,4,5,5,2,2,4,4,5,4,2,4,3,5,1,1,2,1,1,1,1,"2020-11-24 21:41:39",1,2,1,4,3,4,2,2,2,4,4,4,2,2,2,4
"125",233,"2020-11-24 21:38:39","1",18,1,"","3","",1,2,5,2,2,5,4,1,4,2,2,4,2,4,2,1,4,2,5,4,4,2,4,2,3,5,4,2,2,5,4,2,1,4,5,5,1,1,1,1,1,2,1,"2020-11-24 21:41:24",1,2,5,2,2,5,4,1,4,2,2,4,2,4,2,1
"126",234,"2020-11-24 21:46:19","1",19,1,"","3","",1,2,2,4,3,2,2,1,4,5,4,4,4,1,4,4,2,2,4,1,5,5,5,2,4,4,3,1,4,2,4,4,1,4,2,4,2,1,1,1,1,1,2,"2020-11-24 21:49:59",1,2,2,4,3,2,2,1,4,5,4,4,4,1,4,4
"127",235,"2020-11-24 22:17:30","1",54,1,"","4","",2,2,2,4,3,4,4,2,4,5,4,4,3,3,2,3,4,2,4,2,3,3,4,3,3,4,4,2,4,3,2,3,2,3,4,3,3,1,1,1,2,1,1,"2020-11-24 22:26:25",1,2,2,4,3,4,4,2,4,5,4,4,3,3,2,3
"128",237,"2020-11-24 22:52:26","2",21,1,"","3","",3,1,2,5,4,2,3,3,2,5,4,4,4,1,2,2,1,4,4,2,5,5,5,5,4,4,1,2,4,4,5,5,2,3,2,4,2,1,1,1,1,2,1,"2020-11-24 23:12:38",1,1,2,5,4,2,3,3,2,5,4,4,4,1,2,2
"129",239,"2020-11-25 01:03:12","1",77,1,"","8","Rentnerin",2,2,2,4,4,4,4,2,2,2,4,4,4,2,4,4,4,4,4,2,4,4,4,2,4,4,4,4,4,5,4,4,4,4,2,4,2,1,1,1,1,2,1,"2020-11-25 01:27:44",1,2,2,4,4,4,4,2,2,2,4,4,4,2,4,4
"130",240,"2020-11-25 08:15:45","1",55,1,"","4","",2,4,2,4,4,3,2,2,2,4,4,4,4,2,3,4,2,3,2,3,4,4,4,3,2,4,1,2,3,4,4,4,2,4,2,4,2,1,1,1,1,1,2,"2020-11-25 08:20:11",1,4,2,4,4,3,2,2,2,4,4,4,4,2,3,4
"131",241,"2020-11-25 08:29:14","1",20,1,"","3","",1,5,4,1,2,4,1,1,2,3,3,4,2,4,1,2,4,1,4,5,4,3,2,2,2,4,4,2,4,5,4,2,4,3,5,5,1,1,1,1,1,2,1,"2020-11-25 08:33:22",1,5,4,1,2,4,1,1,2,3,3,4,2,4,1,2
"132",244,"2020-11-25 08:33:06","1",20,1,"","3","",2,2,5,2,2,5,1,1,3,5,4,5,2,1,1,2,2,1,5,2,4,5,5,2,4,4,1,1,4,5,4,3,1,4,2,3,4,1,1,1,1,2,1,"2020-11-25 08:36:19",1,2,5,2,2,5,1,1,3,5,4,5,2,1,1,2
"133",247,"2020-11-25 10:53:42","1",23,1,"","3","",2,2,2,2,2,5,2,1,5,4,4,4,2,2,1,3,5,2,4,4,4,4,2,3,1,5,3,3,4,5,5,3,2,3,5,4,3,1,1,1,1,2,1,"2020-11-25 10:57:45",1,2,2,2,2,5,2,1,5,4,4,4,2,2,1,3
"134",248,"2020-11-25 10:59:08","1",19,1,"","3","",1,5,4,4,2,3,1,1,2,5,4,4,4,1,2,3,4,4,4,4,4,4,4,5,2,3,2,3,4,5,3,4,2,4,4,5,1,1,1,1,1,1,2,"2020-11-25 11:02:25",1,5,4,4,2,3,1,1,2,5,4,4,4,1,2,3
"135",249,"2020-11-25 11:22:22","1",20,1,"","3","",1,1,2,3,2,5,1,1,4,4,3,4,2,1,3,2,3,3,4,4,5,5,5,2,4,5,2,3,3,5,5,3,2,4,4,5,1,1,1,1,1,2,1,"2020-11-25 11:27:31",1,1,2,3,2,5,1,1,4,4,3,4,2,1,3,2
"136",251,"2020-11-25 11:26:52","1",62,1,"","4","",2,2,2,3,4,4,3,3,3,3,2,2,4,2,2,4,4,2,5,1,5,2,4,1,2,2,4,4,5,2,2,2,2,5,2,2,4,1,1,1,1,2,1,"2020-11-25 11:34:48",1,2,2,3,4,4,3,3,3,3,2,2,4,2,2,4
"137",252,"2020-11-25 11:32:06","1",21,1,"","3","",2,3,1,5,2,3,3,4,5,5,2,3,4,1,4,4,2,2,4,1,4,4,4,2,3,3,1,5,3,2,3,4,5,4,3,2,5,1,1,1,2,1,1,"2020-11-25 11:37:26",1,3,1,5,2,3,3,4,5,5,2,3,4,1,4,4
"138",255,"2020-11-25 12:35:48","1",19,1,"","3","",3,2,1,4,5,5,2,1,4,4,5,2,4,3,2,4,2,4,5,2,5,5,4,2,4,2,1,4,5,2,2,4,4,5,2,1,5,1,1,1,1,2,1,"2020-11-25 12:39:27",1,2,1,4,5,5,2,1,4,4,5,2,4,3,2,4
"139",256,"2020-11-25 12:37:57","1",19,1,"","3","",2,2,2,4,2,5,2,1,4,4,5,3,4,2,1,4,2,3,4,4,4,4,5,4,1,4,2,4,2,4,4,4,2,4,4,4,2,1,1,1,1,2,1,"2020-11-25 12:40:38",1,2,2,4,2,5,2,1,4,4,5,3,4,2,1,4
"140",257,"2020-11-25 13:20:40","1",19,1,"","3","",2,3,2,4,1,3,1,1,4,1,4,4,4,1,2,3,2,2,4,2,5,4,5,2,5,5,2,2,4,2,3,4,2,4,2,3,4,1,1,1,1,1,2,"2020-11-25 13:23:27",1,3,2,4,1,3,1,1,4,1,4,4,4,1,2,3
"141",258,"2020-11-25 13:57:39","1",21,1,"","3","",2,2,4,4,4,4,1,1,2,4,4,4,5,3,4,4,2,3,4,2,4,4,4,3,2,3,2,3,4,3,4,5,4,4,3,2,4,1,1,1,1,2,1,"2020-11-25 14:14:37",1,2,4,4,4,4,1,1,2,4,4,4,5,3,4,4
"142",259,"2020-11-25 14:21:53","1",16,1,"","1","",1,2,2,3,4,4,2,1,4,4,2,4,3,2,4,2,4,2,4,3,3,3,4,4,2,4,4,3,3,2,4,4,3,4,4,5,1,1,1,1,1,2,1,"2020-11-25 14:28:49",1,2,2,3,4,4,2,1,4,4,2,4,3,2,4,2
"143",264,"2020-11-25 17:38:22","1",15,1,"","1","",3,4,5,4,2,4,2,1,4,4,2,3,4,3,2,5,3,3,3,4,4,4,4,4,2,4,1,4,3,5,4,4,3,4,4,5,2,1,1,2,1,1,1,"2020-11-25 17:41:44",1,4,5,4,2,4,2,1,4,4,2,3,4,3,2,5
"144",265,"2020-11-25 17:59:20","2",20,1,"","2","",1,1,2,5,3,2,1,1,2,4,4,1,5,2,4,4,2,4,4,2,4,3,5,5,5,4,1,2,4,2,2,5,4,2,2,2,1,1,1,1,2,1,1,"2020-11-25 18:03:20",1,1,2,5,3,2,1,1,2,4,4,1,5,2,4,4
"145",266,"2020-11-25 18:44:20","1",20,1,"","3","",1,1,1,4,4,5,1,2,4,4,2,4,2,1,1,5,2,3,4,3,5,5,5,2,4,5,2,2,4,5,5,5,2,5,4,5,1,1,1,1,1,1,2,"2020-11-25 18:47:54",1,1,1,4,4,5,1,2,4,4,2,4,2,1,1,5
"146",267,"2020-11-25 19:29:03","1",15,1,"","1","",3,2,1,3,1,4,2,1,3,3,4,4,3,3,2,2,4,3,3,5,4,3,4,5,3,4,3,2,3,4,4,3,3,3,4,4,2,1,1,1,1,2,1,"2020-11-25 19:36:39",1,2,1,3,1,4,2,1,3,3,4,4,3,3,2,2
"147",268,"2020-11-25 20:02:49","2",19,1,"","7","",2,4,5,5,1,5,3,3,5,5,5,5,5,5,1,1,NA,NA,NA,NA,NA,NA,NA,NA,NA,NA,NA,NA,NA,NA,NA,NA,NA,NA,NA,NA,NA,NA,NA,NA,NA,NA,NA,"2020-11-25 20:04:25",0,4,5,5,1,5,3,3,5,5,5,5,5,5,1,1
"148",269,"2020-11-25 20:49:17","1",19,1,"","3","",1,3,2,4,4,4,2,4,5,2,3,4,4,2,1,4,4,2,5,2,5,5,4,1,3,4,2,2,5,4,2,5,2,5,2,4,3,1,1,1,2,1,1,"2020-11-25 20:52:20",1,3,2,4,4,4,2,4,5,2,3,4,4,2,1,4
"149",270,"2020-11-25 21:40:56","1",19,1,"","3","",1,2,4,4,2,1,2,1,5,4,4,4,4,4,5,4,2,2,5,4,3,4,5,2,2,4,2,2,4,2,4,4,2,4,4,5,1,1,1,1,2,1,1,"2020-11-25 21:46:26",1,2,4,4,2,1,2,1,5,4,4,4,4,4,5,4
"150",271,"2020-11-26 12:06:28","1",21,1,"","3","",1,2,5,2,4,2,1,1,2,5,4,4,4,2,2,4,1,1,4,1,5,5,4,1,3,5,1,1,4,5,5,5,1,4,1,5,1,1,1,1,1,2,1,"2020-11-26 12:09:36",1,2,5,2,4,2,1,1,2,5,4,4,4,2,2,4
"151",272,"2020-11-26 13:04:55","1",21,1,"","3","",2,NA,NA,NA,NA,NA,NA,NA,NA,NA,NA,NA,NA,NA,NA,NA,NA,NA,NA,NA,NA,NA,NA,NA,NA,NA,NA,NA,NA,NA,NA,NA,NA,NA,NA,NA,NA,NA,NA,NA,NA,NA,NA,"2020-11-26 13:05:09",0,NA,NA,NA,NA,NA,NA,NA,NA,NA,NA,NA,NA,NA,NA,NA
"152",273,"2020-11-26 13:24:46","1",21,2,"","3","",1,4,3,2,1,5,1,1,2,5,2,3,3,2,2,4,3,2,4,4,5,4,4,3,1,5,2,3,3,4,5,3,2,3,4,5,1,1,1,1,1,2,1,"2020-11-26 13:28:10",1,4,3,2,1,5,1,1,2,5,2,3,3,2,2,4
"153",275,"2020-11-26 13:52:46","1",53,1,"","4","",2,3,2,3,2,4,2,3,5,2,3,3,2,2,2,2,4,3,4,2,5,3,4,2,4,5,3,4,5,2,3,4,3,4,2,5,1,1,1,1,1,2,1,"2020-11-26 14:00:53",1,3,2,3,2,4,2,3,5,2,3,3,2,2,2,2
"154",277,"2020-11-26 13:57:35","1",22,1,"","3","",2,2,1,4,2,4,2,1,4,2,4,4,4,2,2,3,4,1,5,2,5,5,3,1,4,4,4,4,4,4,4,2,4,4,3,3,3,1,1,1,1,2,1,"2020-11-26 14:02:50",1,2,1,4,2,4,2,1,4,2,4,4,4,2,2,3
"155",278,"2020-11-26 16:34:51","1",22,4,"Dänemark","3","",2,4,2,3,2,5,4,1,5,5,4,4,4,2,2,2,2,4,4,4,4,4,2,5,2,4,1,4,3,4,4,3,4,3,4,4,2,1,1,1,2,1,1,"2020-11-26 16:40:10",1,4,2,3,2,5,4,1,5,5,4,4,4,2,2,2
"156",279,"2020-11-26 16:37:59","3",79,1,"","8","Rentner",2,2,2,4,4,4,3,1,4,3,4,3,4,4,3,2,4,3,4,4,4,3,2,2,3,4,4,4,4,4,5,3,2,4,2,4,1,1,1,2,1,1,1,"2020-11-26 16:49:58",1,2,2,4,4,4,3,1,4,3,4,3,4,4,3,2
"157",281,"2020-11-26 19:34:34","2",44,1,"","4","",2,4,4,3,2,4,3,2,4,4,3,4,4,4,1,3,4,2,1,4,2,1,1,2,2,3,2,2,4,5,5,2,2,3,4,4,4,1,2,1,1,1,1,"2020-11-26 19:40:43",1,4,4,3,2,4,3,2,4,4,3,4,4,4,1,3
"158",284,"2020-11-28 11:31:13","1",21,1,"","3","",2,3,4,4,4,3,4,1,5,2,4,4,4,2,1,4,1,4,4,4,4,5,5,2,2,4,1,4,5,3,3,4,4,4,4,4,2,1,1,1,1,2,1,"2020-11-28 11:36:21",1,3,4,4,4,3,4,1,5,2,4,4,4,2,1,4
"159",288,"2020-11-29 08:50:34","1",46,1,"","4","",3,5,4,3,2,3,3,3,5,2,2,3,5,3,3,2,NA,NA,NA,NA,NA,NA,NA,NA,NA,NA,NA,NA,NA,NA,NA,NA,NA,NA,NA,NA,NA,NA,NA,NA,NA,NA,NA,"2020-11-29 08:54:19",0,5,4,3,2,3,3,3,5,2,2,3,5,3,3,2
"160",290,"2020-11-29 16:12:52","1",21,1,"","3","",1,2,4,2,4,5,4,1,5,1,2,4,5,4,2,1,5,1,4,5,4,3,2,2,2,4,5,5,4,5,4,2,5,4,5,5,1,1,1,1,1,2,1,"2020-11-29 16:15:32",1,2,4,2,4,5,4,1,5,1,2,4,5,4,2,1
"161",293,"2020-12-01 18:01:01","2",19,1,"","3","",2,2,2,4,4,4,3,1,3,3,4,3,4,2,3,3,3,2,4,3,4,4,2,2,3,5,3,4,4,5,4,4,4,4,3,4,2,1,1,1,2,1,1,"2020-12-01 18:04:14",1,2,2,4,4,4,3,1,3,3,4,3,4,2,3,3
"162",295,"2020-12-02 15:16:18","2",18,1,"","3","",2,2,1,5,3,2,1,1,4,2,4,4,2,2,3,2,4,3,4,1,4,4,4,4,5,4,3,2,4,4,4,3,2,3,2,4,4,1,1,1,1,1,2,"2020-12-02 15:25:01",1,2,1,5,3,2,1,1,4,2,4,4,2,2,3,2
